{
  "requires": true,
  "lockfileVersion": 1,
  "dependencies": {
    "es6-object-assign": {
      "version": "1.1.0",
      "resolved": "https://registry.npmjs.org/es6-object-assign/-/es6-object-assign-1.1.0.tgz",
      "integrity": "sha1-wsNYJlYkfDnqEHyx5mUrb58kUjw="
    },
    "promise-polyfill": {
      "version": "6.1.0",
      "resolved": "https://registry.npmjs.org/promise-polyfill/-/promise-polyfill-6.1.0.tgz",
      "integrity": "sha1-36lpQ+qcEh/KTem1hoyznTRy4Fc="
    },
    "sweetalert": {
      "version": "2.1.2",
      "resolved": "https://registry.npmjs.org/sweetalert/-/sweetalert-2.1.2.tgz",
      "integrity": "sha512-iWx7X4anRBNDa/a+AdTmvAzQtkN1+s4j/JJRWlHpYE8Qimkohs8/XnFcWeYHH2lMA8LRCa5tj2d244If3S/hzA==",
      "requires": {
        "es6-object-assign": "^1.1.0",
        "promise-polyfill": "^6.0.2"
      }
    }
  }
}
